{
    "Q007": {
        "title": "Herb Gathering",
        "difficulty": "EASY",
        "require": {
            "skill": "herbology",
            "level": 5
        },
        "due_date": "2025-11-29",
        "rewards": {
            "exp": 12,
            "fame": 1,
            "loot": {
                "coin_pouch": 3
            }
        },
        "required_proofs": [
            "herb_bundle"
        ],
        "accepted": null
    },
    "Q027": {
        "title": "Boar Hunting",
        "difficulty": "EASY",
        "require": {
            "skill": "hunting",
            "level": 10
        },
        "due_date": "2025-11-29",
        "rewards": {
            "exp": 20,
            "fame": 2,
            "loot": {
                "coin_pouch": 5
            }
        },
        "required_proofs": [
            "boar_hide"
        ],
        "accepted": null
    },
    "Q030": {
        "title": "Escort Caravan",
        "difficulty": "HARD",
        "require": {
            "skill": "sword",
            "level": 15
        },
        "due_date": "2025-11-30",
        "rewards": {
            "exp": 55,
            "fame": 8,
            "loot": {
                "coin_pouch": 10
            }
        },
        "required_proofs": [
            "caravan_badge",
            "caravan_safe"
        ],
        "accepted": null
    },
    "Q033": {
        "title": "Slime Nest Cleanup",
        "difficulty": "EASY",
        "require": {
            "skill": "alchemy",
            "level": 2
        },
        "due_date": "2025-11-27",
        "rewards": {
            "exp": 18,
            "fame": 1,
            "loot": {
                "coin_pouch": 2
            }
        },
        "required_proofs": [
            "slime_remains"
        ],
        "accepted": null
    },
    "Q010": {
        "title": "Bridge Repair",
        "difficulty": "MEDIUM",
        "require": {
            "skill": "craft",
            "level": 10
        },
        "due_date": "2025-11-28",
        "rewards": {
            "exp": 28,
            "fame": 3,
            "loot": {
                "coin_pouch": 3
            }
        },
        "required_proofs": [
            "repaired_bridge"
        ],
        "accepted": null
    }
}